Id,m,q,radius,rx,ry,vx,vy,ax,ay

0,0.71,0.41,0.05,0.08,0.4,0.55,0.95,0.6,0.27
1,0.38,0.19,0.05,0.2,0.42,0.44,0.25,0.08,0.96
2,0.23,0.14,0.05,0.51,0.39,0.17,0.79,0.48,0.66
3,0.86,0.05,0.05,0.51,0.6,0.91,0.04,0.05,0.21
4,0.53,0.21,0.05,0.09,0.07,0.5,0.72,0.57,0.11
5,0.77,0.78,0.05,0.57,0.16,0.2,0.12,0.07,0.06
6,0.62,0.49,0.05,0.29,0.17,0.5,0.91,0.28,0.76
7,0.18,0.97,0.05,0.43,0.6,0.16,0.41,0.63,0.45
8,0.43,0.67,0.05,0.1,0.5,0.91,0.93,0.47,0.91
9,0.24,0.32,0.05,0.32,0.42,0.88,0.98,0.1,0.19

0,0.71,0.41,0.05,0.08,0.41,0.3,0.59,-24.69,-35.79
1,0.38,0.19,0.05,0.2,0.42,0.55,0.16,10.64,-8.91
2,0.23,0.14,0.05,0.51,0.4,0.32,0.76,14.51,-2.58
3,0.86,0.05,0.05,0.5303822572020355,0.5988464158664405,0.39,1.44,9.43,0.87
4,0.53,0.21,0.05,0.09,0.08,0.44,0.65,-6.01,-7.01
5,0.77,0.78,0.05,0.57,0.16,0.35,0.01,14.65,-11.27
6,0.62,0.49,0.05,0.29,0.18,0.47,0.77,-2.61,-14.35
7,0.18,0.97,0.05,0.43,0.61,1.0,0.05,22.67,103.44
8,0.43,0.67,0.05,0.11,0.51,0.61,1.73,-29.87,79.59
9,0.24,0.32,0.05,0.33,0.43,1.06,0.86,18.02,-12.14

0,0.71,0.41,0.05,0.08,0.41,0.02,0.26,-27.54,-32.67
1,0.38,0.19,0.05,0.21,0.42,0.67,0.04,11.63,-12.31
2,0.23,0.14,0.05,0.51,0.41,0.47,0.73,15.35,-3.4
3,0.86,0.05,0.05,0.5403822572020355,0.6088464158664405,1.39,1.14,6.15,0.24
4,0.53,0.21,0.05,0.09,0.09,0.38,0.58,-6.07,-6.98
5,0.77,0.78,0.05,0.57,0.16,0.49,-0.1,14.33,-11.28
6,0.62,0.49,0.05,0.29,0.19,0.44,0.63,-2.66,-14.27
7,0.18,0.97,0.05,0.44,0.62,0.45,1.44,39.43,108.84
8,0.43,0.67,0.05,0.11,0.53,0.36,2.5,-24.5,77.12
9,0.24,0.32,0.05,0.34,0.44,1.21,0.73,14.95,-12.8

0,0.71,0.41,0.05,0.08,0.41,-0.2,0.03,-22.05,-22.94
1,0.38,0.19,0.05,0.22,0.42,0.73,-0.05,5.54,-9.32
2,0.23,0.14,0.05,0.52,0.42,0.63,0.68,15.87,-4.58
3,0.86,0.05,0.05,0.55,0.62,1.45,1.14,6.15,0.22
4,0.53,0.21,0.05,0.09,0.1,0.32,0.51,-6.1,-6.96
5,0.77,0.78,0.05,0.58,0.16,0.63,-0.21,13.9,-11.33
6,0.62,0.49,0.05,0.29,0.2,0.41,0.49,-2.71,-14.03
7,0.18,0.97,0.05,0.45,0.64,0.83,2.51,38.44,106.9
8,0.43,0.67,0.05,0.11,0.56,0.1,3.09,-25.61,58.72
9,0.24,0.32,0.05,0.35,0.45,1.33,0.62,12.14,-11.19

0,0.71,0.41,0.05,0.08,0.41,-0.38,-0.11,-17.87,-14.41
1,0.38,0.19,0.05,0.23,0.42,0.74,-0.12,1.1,-6.63
2,0.23,0.14,0.05,0.53,0.43,0.78,0.64,15.3,-4.3
3,0.86,0.05,0.05,0.56,0.63,1.51,1.14,5.96,-0.26
4,0.53,0.21,0.05,0.09,0.1,0.26,0.44,-6.06,-6.85
5,0.77,0.78,0.05,0.59,0.16,0.76,-0.32,12.91,-10.87
6,0.62,0.49,0.05,0.29,0.2,0.39,0.35,-2.21,-13.64
7,0.18,0.97,0.05,0.46,0.6489999999999999,1.18,-3.53,34.89,101.54
8,0.43,0.67,0.05,0.11,0.59,-0.15,3.51,-24.94,42.4
9,0.24,0.32,0.05,0.36,0.46,1.44,0.53,11.27,-8.69

0,0.71,0.41,0.05,0.08,0.41,-0.53,-0.21,-15.41,-9.58
1,0.38,0.19,0.05,0.24,0.42,0.73,-0.17,-1.43,-5.13
2,0.23,0.14,0.05,0.54,0.44,0.93,0.59,15.07,-4.95
3,0.86,0.05,0.05,0.58,0.64,1.57,1.14,5.97,-0.24
4,0.53,0.21,0.05,0.09,0.1,0.2,0.37,-5.96,-6.61
5,0.77,0.78,0.05,0.6,0.16,0.88,-0.42,12.15,-10.39
6,0.62,0.49,0.05,0.29,0.2,0.37,0.22,-2.03,-12.92
7,0.18,0.97,0.05,0.47,0.62,1.51,-2.55,33.46,97.97
8,0.43,0.67,0.05,0.11,0.63,-0.38,3.84,-23.44,32.83
9,0.24,0.32,0.05,0.37,0.46,1.52,0.44,8.33,-8.93

0,0.71,0.41,0.05,0.07,0.41,-0.67,-0.27,-13.93,-5.71
1,0.38,0.19,0.05,0.25,0.42,0.68,-0.21,-4.57,-3.66
2,0.23,0.14,0.05,0.55,0.45,1.1,0.5,17.23,-9.21
3,0.86,0.05,0.05,0.6,0.6489999999999999,1.62,-1.16,5.03,1.53
4,0.53,0.21,0.05,0.09,0.1,0.14,0.31,-5.96,-6.41
5,0.77,0.78,0.05,0.61,0.16,1.0,-0.53,11.74,-10.54
6,0.62,0.49,0.05,0.29,0.2,0.35,0.09,-2.29,-12.83
7,0.18,0.97,0.05,0.49,0.6,1.96,-1.56,44.78,99.4
8,0.43,0.67,0.05,0.11,0.6489999999999999,-0.59,-4.11,-21.25,26.74
9,0.24,0.32,0.05,0.39,0.46,1.52,0.29,-0.19,-15.32

0,0.71,0.41,0.05,0.06,0.41,-0.79,-0.31,-12.47,-4.21
1,0.38,0.19,0.05,0.26,0.42,0.62,-0.23,-5.84,-2.37
2,0.23,0.14,0.05,0.56,0.45,1.31,0.34,20.58,-15.56
3,0.86,0.05,0.05,0.62,0.64,1.66,-1.14,4.12,2.27
4,0.53,0.21,0.05,0.09,0.1,0.08,0.25,-5.89,-6.25
5,0.77,0.78,0.05,0.62,0.15,1.11,-0.64,11.31,-10.78
6,0.62,0.49,0.05,0.29,0.2,0.32,-0.03,-2.57,-12.42
7,0.18,0.97,0.05,0.51,0.59,2.47,-0.48,51.43,108.11
8,0.43,0.67,0.05,0.1,0.61,-0.77,-3.87,-18.31,24.23
9,0.24,0.32,0.05,0.4,0.46,1.41,0.08,-10.74,-21.06

0,0.71,0.41,0.05,0.05,0.41,-0.91,-0.38,-12.06,-6.72
1,0.38,0.19,0.05,0.27,0.42,0.56,-0.25,-5.76,-2.32
2,0.23,0.14,0.05,0.57,0.45,1.52,0.14,21.12,-20.03
3,0.86,0.05,0.05,0.64,0.63,1.7,-1.12,4.08,2.28
4,0.53,0.21,0.05,0.09,0.1,0.02,0.19,-5.81,-6.28
5,0.77,0.78,0.05,0.63,0.14,1.22,-0.75,10.71,-10.72
6,0.62,0.49,0.05,0.29,0.2,0.3,-0.15,-2.33,-12.22
7,0.18,0.97,0.05,0.54,0.59,3.0,0.64,52.81,112.01
8,0.43,0.67,0.05,0.09,0.57,-0.95,-3.59,-17.59,27.75
9,0.24,0.32,0.05,0.41,0.46,1.27,-0.11,-13.69,-19.35

0,0.71,0.41,0.05,0.051000000000000004,0.41,1.04,-0.49,-12.64,-11.32
1,0.38,0.19,0.05,0.28,0.42,0.51,-0.27,-4.82,-1.64
2,0.23,0.14,0.05,0.59,0.45,1.7,-0.09,18.07,-23.3
3,0.86,0.05,0.05,0.6489999999999999,0.6489999999999999,-1.75,-1.1,5.09,2.48
4,0.53,0.21,0.05,0.09,0.1,-0.04,0.13,-5.69,-6.32
5,0.77,0.78,0.05,0.64,0.13,1.32,-0.86,9.99,-10.51
6,0.62,0.49,0.05,0.29,0.2,0.28,-0.27,-1.91,-11.84
7,0.18,0.97,0.05,0.5631695609499131,0.5957633985638702,3.45,1.68,45.15,104.19
8,0.43,0.67,0.05,0.08,0.54,-1.1,-3.25,-15.17,34.38
9,0.24,0.32,0.05,0.42,0.46,1.15,-0.23,-11.76,-11.95

0,0.71,0.41,0.05,0.06,0.4,0.91,-0.68,-13.48,-18.71
1,0.38,0.19,0.05,0.28,0.42,0.47,-0.28,-3.88,-0.67
2,0.23,0.14,0.05,0.61,0.45,1.86,-0.31,15.99,-21.67
3,0.86,0.05,0.05,0.6489999999999999,0.6489999999999999,3.84,2.57,5.2,3.55
4,0.53,0.21,0.05,0.09,0.1,-0.1,0.07,-5.6,-6.37
5,0.77,0.78,0.05,0.6489999999999999,0.12,-1.41,-0.96,9.31,-10.13
6,0.62,0.49,0.05,0.29,0.2,0.27,-0.39,-1.34,-11.56
7,0.18,0.97,0.05,0.562081755034776,0.5975585897144593,-1.7,-1.06,38.55,89.24
8,0.43,0.67,0.05,0.07,0.51,-1.23,-2.8,-12.77,45.49
9,0.24,0.32,0.05,0.43,0.46,1.07,-0.31,-8.01,-7.55

0,0.71,0.41,0.05,0.07,0.39,0.79,-0.97,-11.92,-28.97
1,0.38,0.19,0.05,0.28,0.42,0.45,-0.28,-1.95,0.47
2,0.23,0.14,0.05,0.63,0.45,2.04,-0.5,17.85,-18.81
3,0.86,0.05,0.05,0.6489999999999999,0.6489999999999999,-3.89,-2.6,5.24,3.48
4,0.53,0.21,0.05,0.09,0.1,-0.16,0.0,-5.54,-6.66
5,0.77,0.78,0.05,0.64,0.11,-1.32,-1.06,8.93,-9.73
6,0.62,0.49,0.05,0.29,0.2,0.27,-0.51,-0.43,-11.68
7,0.18,0.97,0.05,0.55,0.59,-1.36,-0.17,34.41,89.47
8,0.43,0.67,0.05,0.06,0.49,-1.39,-2.18,-16.34,61.51
9,0.24,0.32,0.05,0.44,0.46,0.98,-0.42,-9.38,-10.68

0,0.71,0.41,0.05,0.08101998507139822,0.37770503358935403,-1.67,-1.46,-5.75,-35.44
1,0.38,0.19,0.05,0.28,0.42,0.44,-0.27,-1.07,1.48
2,0.23,0.14,0.05,0.6489999999999999,0.44,-2.25,-0.65,21.02,-15.42
3,0.86,0.05,0.05,0.6328336480318238,0.6297858491564959,-0.94,0.84,4.12,2.85
4,0.53,0.21,0.05,0.09,0.1,-0.22,-0.07,-5.57,-6.95
5,0.77,0.78,0.05,0.63,0.1,-1.23,-1.16,8.92,-9.9
6,0.62,0.49,0.05,0.29,0.19,0.27,-0.63,-0.07,-11.76
7,0.18,0.97,0.05,0.54,0.59,-3.85,-2.57,41.92,100.74
8,0.43,0.67,0.05,0.051000000000000004,0.47,-0.73,-1.32,-27.54,71.56
9,0.24,0.32,0.05,0.45,0.45,0.84,-0.61,-14.4,-19.21

0,0.71,0.41,0.05,0.06,0.36,-1.64,-1.82,2.74,-36.34
1,0.38,0.19,0.05,0.28,0.42,0.44,-0.25,-0.42,2.38
2,0.23,0.14,0.05,0.63,0.43,-2.05,-0.75,19.57,-9.77
3,0.86,0.05,0.05,0.62,0.64,-0.88,0.87,5.55,2.94
4,0.53,0.21,0.05,0.09,0.1,-0.28,-0.14,-5.83,-7.22
5,0.77,0.78,0.05,0.62,0.09,-1.14,-1.26,9.03,-10.03
6,0.62,0.49,0.05,0.29,0.18,0.27,-0.75,0.24,-11.52
7,0.18,0.97,0.05,0.5,0.57,-3.53,-1.56,32.0,101.15
8,0.43,0.67,0.05,0.051000000000000004,0.46,1.15,-0.6,-42.04,72.38
9,0.24,0.32,0.05,0.46,0.44,0.72,-0.86,-11.51,-25.09

0,0.71,0.41,0.05,0.051000000000000004,0.34,1.7,-2.18,-5.99,-35.77
1,0.38,0.19,0.05,0.28,0.42,0.42,-0.23,-2.33,1.58
2,0.23,0.14,0.05,0.61,0.42,-1.83,-0.83,22.39,-7.62
3,0.86,0.05,0.05,0.61,0.6489999999999999,-0.85,-0.89,2.97,2.21
4,0.53,0.21,0.05,0.09,0.1,-0.34,-0.22,-5.93,-7.55
5,0.77,0.78,0.05,0.61,0.08,-1.04,-1.36,9.52,-10.27
6,0.62,0.49,0.05,0.29,0.17,0.27,-0.86,0.02,-11.3
7,0.18,0.97,0.05,0.47,0.56,-3.11,-0.12,42.15,144.06
8,0.43,0.67,0.05,0.06,0.46,0.87,0.11,-27.91,70.69
9,0.24,0.32,0.05,0.47,0.43,0.62,-1.39,-9.8,-53.19

0,0.71,0.41,0.05,0.07,0.32,1.59,-2.42,-11.35,-24.27
1,0.38,0.19,0.05,0.28,0.42,0.39,-0.23,-3.29,0.27
2,0.23,0.14,0.05,0.59,0.41,-1.58,-0.9,25.4,-6.52
3,0.86,0.05,0.05,0.6,0.64,-0.83,-0.87,2.16,1.82
4,0.53,0.21,0.05,0.09,0.1,-0.4,-0.3,-6.11,-7.86
5,0.77,0.78,0.05,0.6,0.07,-0.94,-1.46,9.89,-10.46
6,0.62,0.49,0.05,0.29,0.16,0.27,-0.97,-0.09,-11.24
7,0.18,0.97,0.05,0.44,0.57,-2.86,1.5,24.67,162.28
8,0.43,0.67,0.05,0.07,0.46,0.66,0.63,-20.55,51.64
9,0.24,0.32,0.05,0.48,0.41,0.69,-2.02,7.02,-63.19

0,0.71,0.41,0.05,0.09,0.29,1.49,-2.59,-10.04,-17.21
1,0.38,0.19,0.05,0.28,0.42,0.36,-0.24,-2.5,-0.96
2,0.23,0.14,0.05,0.5903822572020355,0.4011535841335595,0.81,-2.36,29.74,-4.01
3,0.86,0.05,0.05,0.59,0.63,-0.81,-0.86,2.12,1.48
4,0.53,0.21,0.05,0.09,0.1,-0.47,-0.38,-6.54,-8.36
5,0.77,0.78,0.05,0.59,0.05,-0.84,-1.57,10.27,-10.58
6,0.62,0.49,0.05,0.29,0.15,0.27,-1.09,0.3,-11.52
7,0.18,0.97,0.05,0.41,0.59,-2.7,2.77,15.82,127.25
8,0.43,0.67,0.05,0.08,0.47,0.4,1.03,-25.68,39.89
9,0.24,0.32,0.05,0.49,0.39,-1.28,-0.94,12.41,-33.77

0,0.71,0.41,0.05,0.1,0.26,1.39,-2.68,-9.8,-8.71
1,0.38,0.19,0.05,0.28,0.42,0.35,-0.26,-0.8,-2.4
2,0.23,0.14,0.05,0.6,0.38,1.11,-2.36,30.42,0.49
3,0.86,0.05,0.05,0.58,0.62,-0.79,-0.85,2.04,1.12
4,0.53,0.21,0.05,0.08,0.1,-0.54,-0.47,-7.07,-9.25
5,0.77,0.78,0.05,0.58,0.051000000000000004,-0.74,1.68,10.18,-10.51
6,0.62,0.49,0.05,0.29,0.14,0.28,-1.2,1.21,-11.41
7,0.18,0.97,0.05,0.38,0.62,-2.49,3.81,21.34,103.73
8,0.43,0.67,0.05,0.08,0.48,0.12,1.29,-28.32,26.22
9,0.24,0.32,0.05,0.48,0.38,-1.2,-1.1,8.38,-16.05

0,0.71,0.41,0.05,0.11,0.23,1.3,-2.71,-9.49,-3.47
1,0.38,0.19,0.05,0.28,0.42,0.35,-0.29,0.26,-2.72
2,0.23,0.14,0.05,0.61,0.36,1.34,-2.35,22.91,0.9
3,0.86,0.05,0.05,0.57,0.61,-0.77,-0.84,1.83,0.75
4,0.53,0.21,0.05,0.07,0.09,-0.62,-0.57,-7.58,-10.49
5,0.77,0.78,0.05,0.57,0.07,-0.63,1.57,10.72,-10.58
6,0.62,0.49,0.05,0.29,0.13,0.3,-1.31,1.5,-11.34
7,0.18,0.97,0.05,0.36,0.6489999999999999,-2.25,-4.75,23.95,93.93
8,0.43,0.67,0.05,0.08,0.49,-0.17,1.47,-28.71,18.09
9,0.24,0.32,0.05,0.47,0.37,-1.09,-1.15,11.1,-5.45

0,0.71,0.41,0.05,0.12,0.2,1.21,-2.71,-9.25,-0.1
1,0.38,0.19,0.05,0.28,0.42,0.36,-0.31,0.7,-1.9
2,0.23,0.14,0.05,0.62,0.34,1.52,-2.33,18.46,2.26
3,0.86,0.05,0.05,0.56,0.6,-0.75,-0.83,1.64,0.54
4,0.53,0.21,0.05,0.06,0.08,-0.71,-0.68,-8.51,-11.35
5,0.77,0.78,0.05,0.56,0.09,-0.51,1.46,11.94,-10.98
6,0.62,0.49,0.05,0.29,0.12,0.31,-1.43,1.49,-11.5
7,0.18,0.97,0.05,0.34,0.61,-2.02,-3.88,23.38,86.91
8,0.43,0.67,0.05,0.08,0.51,-0.45,1.6,-28.22,12.97
9,0.24,0.32,0.05,0.46,0.36,-0.97,-1.14,12.36,0.81

0,0.71,0.41,0.05,0.13,0.17,1.12,-2.69,-9.49,1.87
1,0.38,0.19,0.05,0.28,0.42,0.34,-0.37,-1.75,-6.01
2,0.23,0.14,0.05,0.64,0.32,1.69,-2.29,16.93,3.77
3,0.86,0.05,0.05,0.55,0.59,-0.73,-0.82,1.6,0.72
4,0.53,0.21,0.05,0.05,0.07,-0.81,-0.8,-10.19,-11.86
5,0.77,0.78,0.05,0.56,0.1,-0.38,1.34,13.47,-11.88
6,0.62,0.49,0.05,0.29,0.11,0.33,-1.56,1.68,-12.54
7,0.18,0.97,0.05,0.32,0.58,-1.67,-2.88,34.61,99.97
8,0.43,0.67,0.05,0.07,0.53,-0.77,1.7,-32.39,10.42
9,0.24,0.32,0.05,0.45,0.35,-0.81,-1.13,15.9,0.88

0,0.71,0.41,0.05,0.14,0.14,1.02,-2.67,-9.66,2.29
1,0.38,0.19,0.05,0.28,0.42,0.3,-0.49,-4.05,-11.52
2,0.23,0.14,0.05,0.6489999999999999,0.3,-1.84,-2.24,15.48,5.46
3,0.86,0.05,0.05,0.54,0.58,-0.71,-0.81,1.5,0.81
4,0.53,0.21,0.05,0.051000000000000004,0.06,0.93,-0.91,-12.02,-11.36
5,0.77,0.78,0.05,0.56,0.11,-0.24,1.22,14.07,-12.08
6,0.62,0.49,0.05,0.29,0.09,0.36,-1.69,3.32,-13.21
7,0.18,0.97,0.05,0.31,0.56,-1.24,-1.79,43.29,109.25
8,0.43,0.67,0.05,0.06,0.55,-1.12,1.8,-35.35,10.42
9,0.24,0.32,0.05,0.44,0.34,-0.63,-1.12,18.49,0.68

0,0.71,0.41,0.05,0.15,0.11,0.92,-2.64,-9.58,2.78
1,0.38,0.19,0.05,0.28,0.41,0.24,-0.66,-6.0,-17.24
2,0.23,0.14,0.05,0.63,0.28,-1.68,-2.17,15.75,7.3
3,0.86,0.05,0.05,0.53,0.57,-0.7,-0.8,1.49,0.86
4,0.53,0.21,0.05,0.06,0.05,0.79,-1.02,-14.33,-11.05
5,0.77,0.78,0.05,0.56,0.12,-0.1,1.1,14.46,-12.07
6,0.62,0.49,0.05,0.29,0.07,0.41,-1.83,5.39,-13.98
7,0.18,0.97,0.05,0.3,0.55,-0.79,-0.64,44.83,114.89
8,0.43,0.67,0.05,0.05,0.57,-1.47,1.92,-35.19,12.16
9,0.24,0.32,0.05,0.43,0.33,-0.45,-1.12,18.17,0.32

0,0.71,0.41,0.05,0.16229496641064597,0.08101998507139821,0.61,-1.13,-9.25,3.18
1,0.38,0.19,0.05,0.28,0.4,0.18,-0.84,-6.18,-17.71
2,0.23,0.14,0.05,0.61,0.26,-1.5,-2.06,17.76,11.49
3,0.86,0.05,0.05,0.52,0.56,-0.69,-0.79,1.49,0.87
4,0.53,0.21,0.05,0.07,0.051000000000000004,0.83,2.61,-17.76,-11.09
5,0.77,0.78,0.05,0.56,0.13,0.05,0.97,14.65,-12.8
6,0.62,0.49,0.05,0.29,0.05,0.49,-1.98,8.45,-14.63
7,0.18,0.97,0.05,0.29,0.55,-0.4,0.46,39.29,109.72
8,0.43,0.67,0.05,0.051000000000000004,0.59,1.81,2.06,-33.62,13.62
9,0.24,0.32,0.05,0.43,0.32,-0.29,-1.11,15.91,1.16

0,0.71,0.41,0.05,0.18038225720203552,0.06884641586644051,0.6,2.53,-8.55,1.79
1,0.38,0.19,0.05,0.28,0.39,0.13,-0.99,-5.12,-15.18
2,0.23,0.14,0.05,0.6,0.24,-1.29,-1.86,21.07,19.52
3,0.86,0.05,0.05,0.51,0.55,-0.67,-0.78,1.5,0.85
4,0.53,0.21,0.05,0.08,0.08,0.52,-1.11,-23.06,-8.47
5,0.77,0.78,0.05,0.56,0.14,0.19,0.82,14.39,-15.07
6,0.62,0.49,0.05,0.3,0.051000000000000004,0.62,2.13,12.91,-15.29
7,0.18,0.97,0.05,0.29,0.56,-0.02,1.41,38.09,95.12
8,0.43,0.67,0.05,0.07,0.61,1.47,2.21,-33.98,15.16
9,0.24,0.32,0.05,0.43,0.31,-0.17,-1.06,11.54,5.05

0,0.71,0.41,0.05,0.19,0.09,0.48,2.48,-12.32,-4.63
1,0.38,0.19,0.05,0.28,0.38,0.08,-1.09,-5.37,-10.31
2,0.23,0.14,0.05,0.5997858491564959,0.2428336480318239,0.33,0.62,27.86,34.29
3,0.86,0.05,0.05,0.5,0.54,-0.65,-0.77,1.61,0.79
4,0.53,0.21,0.05,0.08,0.07,0.29,-1.12,-22.71,-1.07
5,0.77,0.78,0.05,0.56,0.15,-1.01,-1.52,13.86,-19.76
6,0.62,0.49,0.05,0.31,0.07,0.78,1.98,16.07,-15.24
7,0.18,0.97,0.05,0.29,0.58,0.45,2.18,47.02,77.49
8,0.43,0.67,0.05,0.08,0.63,1.1,2.39,-36.87,17.68
9,0.24,0.32,0.05,0.43,0.3,-0.1,-0.96,7.41,9.66

0,0.71,0.41,0.05,0.19,0.11,0.33,2.46,-14.84,-1.64
1,0.38,0.19,0.05,0.28,0.37,0.02,-1.14,-5.71,-4.83
2,0.23,0.14,0.05,0.6,0.25,0.65,1.01,31.62,39.45
3,0.86,0.05,0.05,0.49,0.53,-0.63,-0.76,1.66,0.66
4,0.53,0.21,0.05,0.08,0.06,0.1,-1.18,-19.34,-5.51
5,0.77,0.78,0.05,0.55,0.13,-0.86,-1.74,14.83,-21.7
6,0.62,0.49,0.05,0.32,0.09,0.92,1.82,14.39,-16.12
7,0.18,0.97,0.05,0.3,0.6,1.0,2.81,54.67,63.08
8,0.43,0.67,0.05,0.09,0.6489999999999999,0.71,-2.58,-38.83,18.54
9,0.24,0.32,0.05,0.43,0.29,-0.07,-0.81,3.22,15.22

0,0.71,0.41,0.05,0.19,0.13,0.18,2.45,-14.9,-0.53
1,0.38,0.19,0.05,0.28,0.36,-0.04,-1.15,-6.23,-0.67
2,0.23,0.14,0.05,0.61,0.26,0.9,1.24,24.79,23.1
3,0.86,0.05,0.05,0.48,0.52,-0.61,-0.76,1.75,0.43
4,0.53,0.21,0.05,0.08,0.05,-0.06,-1.26,-16.32,-7.99
5,0.77,0.78,0.05,0.54,0.11,-0.68,-1.92,18.44,-17.76
6,0.62,0.49,0.05,0.33,0.11,1.0,1.66,7.79,-15.52
7,0.18,0.97,0.05,0.31,0.63,1.59,3.36,58.71,55.39
8,0.43,0.67,0.05,0.1,0.62,0.33,-2.4,-38.2,18.32
9,0.24,0.32,0.05,0.43,0.28,-0.02,-0.62,5.09,19.32

0,0.71,0.41,0.05,0.19,0.15,0.02,2.44,-15.66,-0.65
1,0.38,0.19,0.05,0.28,0.35,-0.1,-1.12,-5.82,2.8
2,0.23,0.14,0.05,0.62,0.27,1.11,1.38,21.02,13.74
3,0.86,0.05,0.05,0.47,0.51,-0.59,-0.76,1.64,0.19
4,0.53,0.21,0.05,0.08,0.051000000000000004,-0.19,1.35,-12.87,-8.73
5,0.77,0.78,0.05,0.53,0.09,-0.47,-2.09,21.03,-16.62
6,0.62,0.49,0.05,0.34,0.13,1.01,1.51,1.42,-14.66
7,0.18,0.97,0.05,0.33,0.6489999999999999,2.28,-4.04,68.82,68.2
8,0.43,0.67,0.05,0.1,0.6,-0.09,-2.29,-41.52,10.64
9,0.24,0.32,0.05,0.43,0.27,0.08,-0.38,9.54,23.89

0,0.71,0.41,0.05,0.19,0.17,-0.14,2.43,-15.76,-1.26
1,0.38,0.19,0.05,0.28,0.34,-0.16,-1.06,-5.68,5.67
2,0.23,0.14,0.05,0.63,0.28,1.3,1.47,18.52,9.15
3,0.86,0.05,0.05,0.46,0.5,-0.57,-0.76,1.54,-0.04
4,0.53,0.21,0.05,0.08,0.06,-0.3,1.26,-11.06,-8.56
5,0.77,0.78,0.05,0.53,0.07,-0.25,-2.27,22.49,-18.18
6,0.62,0.49,0.05,0.35,0.14,0.97,1.37,-4.17,-13.59
7,0.18,0.97,0.05,0.36,0.61,2.83,-3.3,54.96,74.38
8,0.43,0.67,0.05,0.1,0.58,-0.44,-2.22,-34.74,7.48
9,0.24,0.32,0.05,0.43,0.27,0.24,-0.09,16.45,29.27

0,0.71,0.41,0.05,0.19,0.19,-0.29,2.41,-15.22,-1.86
1,0.38,0.19,0.05,0.28,0.33,-0.22,-1.0,-6.32,6.32
2,0.23,0.14,0.05,0.64,0.3,1.47,1.53,17.02,6.43
3,0.86,0.05,0.05,0.45,0.49,-0.55,-0.77,2.25,-0.84
4,0.53,0.21,0.05,0.08,0.07,-0.4,1.18,-10.32,-8.37
5,0.77,0.78,0.05,0.53,0.05,-0.04,-2.46,21.31,-19.3
6,0.62,0.49,0.05,0.36,0.15,0.91,1.23,-6.11,-14.11
7,0.18,0.97,0.05,0.39,0.58,3.27,-2.49,43.56,81.04
8,0.43,0.67,0.05,0.09,0.56,-0.75,-2.1,-30.7,11.61
9,0.24,0.32,0.05,0.43,0.27,0.47,0.19,23.21,27.59

0,0.71,0.41,0.05,0.19,0.21,-0.44,2.38,-15.03,-2.84
1,0.38,0.19,0.05,0.28,0.32,-0.29,-0.92,-6.59,7.99
2,0.23,0.14,0.05,0.6489999999999999,0.32,-1.63,1.57,15.87,4.27
3,0.86,0.05,0.05,0.44449609812866964,0.46201560748532156,3.58,-1.52,3.2,-2.88
4,0.53,0.21,0.05,0.08,0.08,-0.5,1.1,-9.73,-8.15
5,0.77,0.78,0.05,0.53,0.051000000000000004,0.15,2.66,19.18,-20.04
6,0.62,0.49,0.05,0.37,0.16,0.84,1.08,-6.59,-15.49
7,0.18,0.97,0.05,0.42,0.56,-0.52,-0.8,31.09,96.53
8,0.43,0.67,0.05,0.08,0.54,-1.01,-1.96,-26.4,13.67
9,0.24,0.32,0.05,0.44,0.27,0.76,0.46,29.17,27.42

0,0.71,0.41,0.05,0.18,0.23,-0.59,2.34,-15.42,-4.08
1,0.38,0.19,0.05,0.28,0.31,-0.34,-0.82,-5.38,10.26
2,0.23,0.14,0.05,0.63,0.34,-1.47,1.6,16.2,3.27
3,0.86,0.05,0.05,0.48,0.45,3.6,-1.56,1.88,-3.99
4,0.53,0.21,0.05,0.07,0.09,-0.59,1.02,-9.2,-7.97
5,0.77,0.78,0.05,0.53,0.08,0.34,2.44,19.03,-21.62
6,0.62,0.49,0.05,0.38,0.17,0.75,0.91,-8.89,-16.62
7,0.18,0.97,0.05,0.42,0.56,-0.19,0.29,32.76,108.7
8,0.43,0.67,0.05,0.07,0.52,-1.25,-1.81,-23.88,14.76
9,0.24,0.32,0.05,0.45,0.28,1.08,0.75,32.33,28.95

0,0.71,0.41,0.05,0.17,0.25,-0.74,2.29,-15.43,-5.22
1,0.38,0.19,0.05,0.28,0.3,-0.37,-0.72,-3.15,10.46
2,0.23,0.14,0.05,0.62,0.36,-1.28,1.64,18.64,4.25
3,0.86,0.05,0.05,0.52,0.43,3.62,-1.58,2.25,-1.58
4,0.53,0.21,0.05,0.06,0.1,-0.67,0.94,-8.5,-7.81
5,0.77,0.78,0.05,0.53,0.1,0.57,2.2,22.88,-24.28
6,0.62,0.49,0.05,0.39,0.18,0.61,0.75,-13.68,-15.92
7,0.18,0.97,0.05,0.42,0.57,0.07,1.33,26.49,104.13
8,0.43,0.67,0.05,0.06,0.5,-1.49,-1.66,-24.44,15.24
9,0.24,0.32,0.05,0.46,0.29,1.37,1.06,29.37,31.35

0,0.71,0.41,0.05,0.16,0.27,-0.89,2.24,-15.23,-5.43
1,0.38,0.19,0.05,0.28,0.29,-0.38,-0.63,-0.96,8.61
2,0.23,0.14,0.05,0.646606785496967,0.3580359287018198,3.64,-1.58,20.75,4.68
3,0.86,0.05,0.05,0.56,0.41,-1.07,1.69,1.6,0.37
4,0.53,0.21,0.05,0.05,0.11,-0.75,0.86,-7.88,-7.66
5,0.77,0.78,0.05,0.54,0.12,0.83,1.93,25.98,-26.61
6,0.62,0.49,0.05,0.4,0.19,0.44,0.61,-17.39,-14.45
7,0.18,0.97,0.05,0.42,0.59,0.31,2.31,24.34,98.09
8,0.43,0.67,0.05,0.051000000000000004,0.48,1.74,-1.5,-25.14,15.92
9,0.24,0.32,0.05,0.48,0.3,1.64,1.4,26.68,34.14

0,0.71,0.41,0.05,0.15,0.29,-1.02,2.19,-13.35,-5.15
1,0.38,0.19,0.05,0.28,0.28,-0.38,-0.58,-0.15,4.85
2,0.23,0.14,0.05,0.6489999999999999,0.34,-3.85,-1.53,21.2,4.99
3,0.86,0.05,0.05,0.55,0.43,-1.06,1.7,1.25,1.3
4,0.53,0.21,0.05,0.051000000000000004,0.12,0.82,0.78,-7.23,-7.54
5,0.77,0.78,0.05,0.55,0.14,1.1,1.66,27.46,-27.23
6,0.62,0.49,0.05,0.4,0.2,0.25,0.48,-19.36,-12.61
7,0.18,0.97,0.05,0.42,0.62,0.53,3.21,21.59,90.18
8,0.43,0.67,0.05,0.07,0.47,1.48,-1.33,-26.09,17.12
9,0.24,0.32,0.05,0.5,0.32,1.87,1.76,23.38,36.36

0,0.71,0.41,0.05,0.14,0.31,-1.13,2.13,-10.8,-6.28
1,0.38,0.19,0.05,0.28,0.27,-0.41,-0.57,-2.56,1.42
2,0.23,0.14,0.05,0.6203822572020355,0.32884641586644053,2.04,2.07,23.3,6.93
3,0.86,0.05,0.05,0.54,0.45,-1.05,1.72,1.42,1.55
4,0.53,0.21,0.05,0.06,0.13,0.75,0.7,-6.98,-7.82
5,0.77,0.78,0.05,0.56,0.16,1.36,1.4,26.4,-25.86
6,0.62,0.49,0.05,0.4,0.2,0.09,0.36,-16.4,-11.74
7,0.18,0.97,0.05,0.43,0.6489999999999999,0.73,-4.07,20.34,85.84
8,0.43,0.67,0.05,0.08,0.46,1.2,-1.11,-28.27,21.72
9,0.24,0.32,0.05,0.52,0.34,-3.62,-1.46,17.07,31.4

0,0.71,0.41,0.05,0.13,0.33,-1.2,2.03,-7.2,-9.65
1,0.38,0.19,0.05,0.28,0.26,-0.46,-0.58,-5.5,-0.56
2,0.23,0.14,0.05,0.64,0.35,2.39,2.16,34.53,9.26
3,0.86,0.05,0.05,0.53,0.47,-1.04,1.74,1.14,1.79
4,0.53,0.21,0.05,0.07,0.14,0.68,0.62,-6.79,-8.31
5,0.77,0.78,0.05,0.57,0.17,1.62,1.15,25.9,-24.74
6,0.62,0.49,0.05,0.4,0.2,-0.06,0.24,-14.55,-12.4
7,0.18,0.97,0.05,0.44,0.61,0.91,-3.26,17.88,81.37
8,0.43,0.67,0.05,0.09,0.45,0.9,-0.82,-30.2,29.5
9,0.24,0.32,0.05,0.48,0.33,-3.59,-1.16,3.0,29.99

0,0.71,0.41,0.05,0.12190997623968426,0.3414051069214208,0.54,-0.36,-4.18,-18.48
1,0.38,0.19,0.05,0.27,0.25,-0.56,-0.61,-9.99,-2.64
2,0.23,0.14,0.05,0.6489999999999999,0.37,-2.62,2.26,22.71,9.7
3,0.86,0.05,0.05,0.52,0.49,-1.02,1.74,1.68,0.23
4,0.53,0.21,0.05,0.08,0.15,0.61,0.53,-6.87,-8.86
5,0.77,0.78,0.05,0.59,0.18,1.9,0.93,27.66,-22.17
6,0.62,0.49,0.05,0.4,0.2,-0.19,0.06,-13.1,-18.4
7,0.18,0.97,0.05,0.45,0.58,1.11,-2.29,19.67,97.11
8,0.43,0.67,0.05,0.1,0.44,-1.24,1.85,-35.69,45.91
9,0.24,0.32,0.05,0.44,0.32,-3.49,-0.84,9.87,31.9

0,0.71,0.41,0.05,0.13,0.34,0.5,-0.68,-3.51,-32.07
1,0.38,0.19,0.05,0.26,0.24,-0.67,-0.67,-10.72,-6.12
2,0.23,0.14,0.05,0.62,0.39,-2.43,2.35,19.17,8.72
3,0.86,0.05,0.05,0.5314177848998413,0.4885822151001587,1.28,-1.14,3.14,-1.9
4,0.53,0.21,0.05,0.09,0.15,0.54,0.43,-7.27,-9.72
5,0.77,0.78,0.05,0.61,0.19,2.16,0.75,26.12,-17.67
6,0.62,0.49,0.05,0.4,0.2,-0.28,-0.2,-9.08,-25.74
7,0.18,0.97,0.05,0.46,0.56,-0.99,1.72,16.88,114.63
8,0.43,0.67,0.05,0.09,0.46,-1.63,2.56,-38.52,70.84
9,0.24,0.32,0.05,0.41,0.31,-3.39,-0.49,9.76,34.81

0,0.71,0.41,0.05,0.13,0.33,0.45,-0.85,-5.1,-17.18
1,0.38,0.19,0.05,0.25,0.23,-0.78,-0.76,-10.66,-8.79
2,0.23,0.14,0.05,0.6057299287190528,0.403315083161105,1.32,-1.16,18.93,6.69
3,0.86,0.05,0.05,0.54,0.48,-2.24,2.42,4.23,-2.38
4,0.53,0.21,0.05,0.1,0.15,0.46,0.33,-7.69,-9.82
5,0.77,0.78,0.05,0.63,0.2,2.4,0.6,24.23,-14.92
6,0.62,0.49,0.05,0.4,0.2,-0.32,-0.52,-3.85,-32.24
7,0.18,0.97,0.05,0.45,0.58,-0.87,2.94,12.1,121.82
8,0.43,0.67,0.05,0.07,0.49,-1.99,3.04,-36.38,48.03
9,0.24,0.32,0.05,0.38,0.31,-3.35,-0.07,3.96,42.28

0,0.71,0.41,0.05,0.13,0.32,0.36,-0.91,-8.77,-6.11
1,0.38,0.19,0.05,0.24,0.22,-0.87,-0.87,-9.24,-10.66
2,0.23,0.14,0.05,0.62,0.39,1.49,-1.11,16.64,5.19
3,0.86,0.05,0.05,0.52,0.5,-2.22,2.41,2.15,-0.59
4,0.53,0.21,0.05,0.1,0.15,0.38,0.23,-8.11,-10.45
5,0.77,0.78,0.05,0.6489999999999999,0.21,-2.61,0.48,21.41,-11.9
6,0.62,0.49,0.05,0.4,0.19,-0.28,-0.83,3.54,-30.71
7,0.18,0.97,0.05,0.44,0.61,-0.69,3.98,17.83,104.06
8,0.43,0.67,0.05,0.05,0.52,-2.28,3.34,-29.38,29.52
9,0.24,0.32,0.05,0.35,0.31,-3.39,0.35,-3.74,41.71

0,0.71,0.41,0.05,0.13,0.31,0.25,-0.92,-10.82,-0.76
1,0.38,0.19,0.05,0.23,0.21,-0.94,-0.99,-7.06,-12.35
2,0.23,0.14,0.05,0.64,0.38,1.6,-1.0,11.27,10.71
3,0.86,0.05,0.05,0.5,0.52,-2.2,2.4,2.02,-1.21
4,0.53,0.21,0.05,0.1,0.15,0.29,0.12,-8.66,-10.85
5,0.77,0.78,0.05,0.62,0.21,-2.42,0.38,18.75,-10.29
6,0.62,0.49,0.05,0.4,0.18,-0.21,-1.07,6.73,-24.01
7,0.18,0.97,0.05,0.43,0.6489999999999999,-0.51,-4.88,17.82,89.87
8,0.43,0.67,0.05,0.051000000000000004,0.55,2.53,3.55,-24.67,20.75
9,0.24,0.32,0.05,0.32,0.32,-3.41,0.65,-2.42,30.27

0,0.71,0.41,0.05,0.13,0.3,0.12,-0.9,-13.09,1.91
1,0.38,0.19,0.05,0.22,0.2,-0.98,-1.13,-4.01,-13.95
2,0.23,0.14,0.05,0.6489999999999999,0.37,-1.73,-0.86,12.58,14.04
3,0.86,0.05,0.05,0.49465862436611246,0.522409650760665,-0.29,-4.09,1.57,-1.23
4,0.53,0.21,0.05,0.1,0.15,0.19,0.0,-9.6,-11.54
5,0.77,0.78,0.05,0.6,0.21,-2.23,0.28,19.25,-9.94
6,0.62,0.49,0.05,0.4,0.17,-0.18,-1.25,2.69,-18.37
7,0.18,0.97,0.05,0.43,0.6,-2.18,2.39,21.54,79.14
8,0.43,0.67,0.05,0.08,0.59,2.31,3.72,-22.2,17.13
9,0.24,0.32,0.05,0.29,0.33,-3.37,0.87,3.52,22.2

0,0.71,0.41,0.05,0.13,0.29,-0.05,-0.87,-16.53,3.31
1,0.38,0.19,0.05,0.21,0.19,-0.99,-1.29,-0.96,-15.52
2,0.23,0.14,0.05,0.63,0.36,-1.57,-0.72,15.99,13.58
3,0.86,0.05,0.05,0.49,0.48,-0.25,-4.12,3.91,-3.25
4,0.53,0.21,0.05,0.1,0.15,0.08,-0.13,-11.03,-12.55
5,0.77,0.78,0.05,0.58,0.21,-2.02,0.18,20.54,-10.15
6,0.62,0.49,0.05,0.4,0.16,-0.19,-1.42,-1.26,-17.21
7,0.18,0.97,0.05,0.41,0.63,-1.97,3.34,20.82,94.62
8,0.43,0.67,0.05,0.1,0.63,2.09,3.9,-22.05,17.89
9,0.24,0.32,0.05,0.26,0.34,-3.3,1.02,6.71,15.15

0,0.71,0.41,0.05,0.13,0.28,-0.24,-0.83,-18.8,3.67
1,0.38,0.19,0.05,0.2,0.18,-0.96,-1.45,2.72,-16.04
2,0.23,0.14,0.05,0.62,0.35,-1.41,-0.56,16.48,15.81
3,0.86,0.05,0.05,0.49,0.44,-0.24,-4.13,1.27,-0.59
4,0.53,0.21,0.05,0.1,0.15,-0.04,-0.27,-12.47,-13.69
5,0.77,0.78,0.05,0.56,0.21,-1.8,0.09,21.94,-8.89
6,0.62,0.49,0.05,0.4,0.14,-0.24,-1.59,-5.09,-16.73
7,0.18,0.97,0.05,0.39,0.6489999999999999,-1.57,-4.08,40.19,74.03
8,0.43,0.67,0.05,0.12,0.6489999999999999,1.86,-4.07,-23.29,16.74
9,0.24,0.32,0.05,0.23,0.35,-3.17,1.2,12.85,17.94

0,0.71,0.41,0.05,0.13,0.27,-0.44,-0.81,-19.91,2.14
1,0.38,0.19,0.05,0.20038225720203554,0.1611535841335595,-0.18,-0.42,6.53,-16.34
2,0.23,0.14,0.05,0.61,0.35,-1.23,-0.39,18.15,16.94
3,0.86,0.05,0.05,0.49,0.4,-0.23,-4.13,0.7,0.38
4,0.53,0.21,0.05,0.1,0.15,-0.89,-1.61,-14.32,-15.04
5,0.77,0.78,0.05,0.54,0.21,-1.57,0.03,22.53,-6.4
6,0.62,0.49,0.05,0.4,0.12,-0.32,-1.78,-8.01,-18.72
7,0.18,0.97,0.05,0.38,0.61,-1.03,-3.43,53.61,65.33
8,0.43,0.67,0.05,0.14,0.61,1.59,-3.9,-26.97,16.64
9,0.24,0.32,0.05,0.2,0.36,-3.0,1.45,16.81,25.19

0,0.71,0.41,0.05,0.12,0.26,-0.62,-0.83,-18.02,-2.23
1,0.38,0.19,0.05,0.2,0.16,-0.11,-0.58,6.81,-16.24
2,0.23,0.14,0.05,0.6,0.35,-1.03,-0.24,20.0,15.1
3,0.86,0.05,0.05,0.49,0.36,-0.23,-4.12,0.5,0.79
4,0.53,0.21,0.05,0.09,0.13,-1.05,-1.77,-15.64,-15.72
5,0.77,0.78,0.05,0.53,0.21,-1.33,-0.01,23.51,-4.09
6,0.62,0.49,0.05,0.4,0.1,-0.41,-2.01,-8.71,-22.57
7,0.18,0.97,0.05,0.37,0.58,-0.34,-2.7,69.07,73.08
8,0.43,0.67,0.05,0.15,0.57,1.26,-3.69,-32.81,21.3
9,0.24,0.32,0.05,0.17,0.38,-2.9,1.73,10.17,28.17

0,0.71,0.41,0.05,0.11,0.25,-0.77,-0.86,-14.83,-3.32
1,0.38,0.19,0.05,0.2,0.15,-0.05,-0.72,6.06,-14.17
2,0.23,0.14,0.05,0.59,0.35,-0.82,-0.09,21.36,15.26
3,0.86,0.05,0.05,0.49,0.32,-0.23,-4.11,0.07,1.43
4,0.53,0.21,0.05,0.08,0.11,-1.18,-1.92,-12.86,-14.87
5,0.77,0.78,0.05,0.52,0.21,-1.11,-0.05,22.24,-4.12
6,0.62,0.49,0.05,0.4,0.08,-0.48,-2.25,-7.06,-24.21
7,0.18,0.97,0.05,0.37,0.56,0.5,-1.89,83.78,81.17
8,0.43,0.67,0.05,0.16,0.53,0.88,-3.41,-37.59,28.16
9,0.24,0.32,0.05,0.14,0.4,-2.97,1.83,-6.63,9.81

0,0.71,0.41,0.05,0.1,0.24,-0.9,-0.89,-12.73,-3.36
1,0.38,0.19,0.05,0.2,0.14,-0.01,-0.84,4.38,-12.41
2,0.23,0.14,0.05,0.58,0.35,-0.6,0.07,22.12,15.79
3,0.86,0.05,0.05,0.4822531660823648,0.3071139187117231,-0.9,-0.11,-0.48,2.79
4,0.53,0.21,0.05,0.07,0.09,-1.29,-2.05,-11.01,-13.48
5,0.77,0.78,0.05,0.51,0.21,-0.23,-4.08,20.89,-5.93
6,0.62,0.49,0.05,0.39,0.06,-0.53,-2.5,-4.82,-24.83
7,0.18,0.97,0.05,0.38,0.55,1.41,-1.0,90.56,89.37
8,0.43,0.67,0.05,0.17,0.5,0.54,-2.99,-34.01,42.02
9,0.24,0.32,0.05,0.11,0.42,-3.23,1.58,-26.03,-24.91

0,0.71,0.41,0.05,0.09,0.23,-1.02,-0.92,-11.95,-2.88
1,0.38,0.19,0.05,0.2,0.13,0.02,-0.95,2.5,-10.75
2,0.23,0.14,0.05,0.58,0.35,-0.38,0.22,22.44,15.1
3,0.86,0.05,0.05,0.47,0.31,-0.91,-0.07,-0.76,3.54
4,0.53,0.21,0.05,0.06,0.07,-1.39,-2.17,-9.71,-12.16
5,0.77,0.78,0.05,0.51,0.17,-0.04,-4.17,19.12,-8.81
6,0.62,0.49,0.05,0.38,0.051000000000000004,-0.55,2.73,-2.13,-23.44
7,0.18,0.97,0.05,0.4,0.54,2.27,-0.06,85.54,94.26
8,0.43,0.67,0.05,0.18,0.47,0.47,-2.47,-6.71,52.4
9,0.24,0.32,0.05,0.07,0.43,-3.97,1.07,-73.91,-50.52

0,0.71,0.41,0.05,0.08,0.22,-1.14,-0.95,-11.55,-2.77
1,0.38,0.19,0.05,0.2,0.12,0.02,-1.04,0.49,-9.08
2,0.23,0.14,0.05,0.58,0.35,-0.19,0.3,18.67,8.2
3,0.86,0.05,0.05,0.46,0.31,-0.91,-0.06,-0.04,1.19
4,0.53,0.21,0.05,0.05,0.05,-1.48,-2.28,-8.77,-10.99
5,0.77,0.78,0.05,0.51,0.13,0.18,-4.21,21.75,-4.16
6,0.62,0.49,0.05,0.37,0.08,-0.61,2.49,-6.15,-23.96
7,0.18,0.97,0.05,0.43,0.54,3.01,0.85,73.81,90.83
8,0.43,0.67,0.05,0.18,0.45,0.5,-2.22,3.12,25.3
9,0.24,0.32,0.05,0.051000000000000004,0.44,4.77,1.03,-79.86,-3.51

0,0.71,0.41,0.05,0.07,0.21,-1.26,-0.98,-11.77,-2.61
1,0.38,0.19,0.05,0.2,0.11,-0.01,-1.12,-2.73,-8.45
2,0.23,0.14,0.05,0.58,0.35,-0.02,0.33,17.01,3.21
3,0.86,0.05,0.05,0.45,0.31,-0.91,-0.06,0.21,0.4
4,0.53,0.21,0.05,0.051000000000000004,0.051000000000000004,1.56,2.38,-7.98,-10.12
5,0.77,0.78,0.05,0.51,0.09,0.48,-4.26,30.06,-4.94
6,0.62,0.49,0.05,0.36,0.1,-0.77,2.29,-16.22,-20.14
7,0.18,0.97,0.05,0.46,0.55,3.6,1.69,58.52,83.94
8,0.43,0.67,0.05,0.19859489307857925,0.42809002376031574,4.08,1.16,5.91,17.42
9,0.24,0.32,0.05,0.1,0.45,0.56,-2.05,-69.31,12.65

0,0.71,0.41,0.05,0.06,0.2,-1.39,-0.99,-13.01,-1.04
1,0.38,0.19,0.05,0.2,0.1,-0.06,-1.21,-4.76,-8.76
2,0.23,0.14,0.05,0.58,0.35,0.14,0.33,15.71,-0.47
3,0.86,0.05,0.05,0.44,0.31,-0.91,-0.06,0.38,0.11
4,0.53,0.21,0.05,0.07,0.07,1.48,2.27,-8.36,-10.93
5,0.77,0.78,0.05,0.52,0.05,0.78,-4.38,30.07,-12.5
6,0.62,0.49,0.05,0.35,0.12,-0.93,2.2,-15.76,-9.07
7,0.18,0.97,0.05,0.5,0.57,4.15,2.5,54.81,80.76
8,0.43,0.67,0.05,0.24,0.44,4.36,1.21,28.28,5.16
9,0.24,0.32,0.05,0.1,0.43,-0.43,-1.7,-99.48,34.84

0,0.71,0.41,0.05,0.05,0.19,-1.52,-0.96,-13.31,2.7
1,0.38,0.19,0.05,0.2,0.09,-0.1,-1.3,-4.15,-9.33
2,0.23,0.14,0.05,0.58,0.35,0.28,0.3,13.67,-3.02
3,0.86,0.05,0.05,0.43,0.31,-0.9,-0.06,0.54,0.02
4,0.53,0.21,0.05,0.08,0.09,1.39,2.13,-8.83,-14.06
5,0.77,0.78,0.05,0.53,0.051000000000000004,0.99,4.53,20.64,-15.31
6,0.62,0.49,0.05,0.34,0.14,-0.98,2.17,-4.59,-3.18
7,0.18,0.97,0.05,0.54,0.6,4.7,3.25,55.13,74.6
8,0.43,0.67,0.05,0.28,0.45,4.43,1.37,6.53,15.57
9,0.24,0.32,0.05,0.09,0.41,-1.0,-1.56,-57.0,14.13

0,0.71,0.41,0.05,0.051000000000000004,0.20267739140891236,1.67,-0.89,-15.23,6.53
1,0.38,0.19,0.05,0.2,0.08,-0.13,-1.42,-2.65,-11.97
2,0.23,0.14,0.05,0.58,0.35,0.4,0.28,11.98,-2.4
3,0.86,0.05,0.05,0.42,0.31,-0.89,-0.06,0.72,0.08
4,0.53,0.21,0.05,0.09,0.11,1.32,1.95,-6.77,-18.02
5,0.77,0.78,0.05,0.54,0.1,1.16,4.39,16.91,-14.16
6,0.62,0.49,0.05,0.33,0.16,-0.99,2.14,-0.53,-3.0
7,0.18,0.97,0.05,0.59,0.64,5.22,3.93,52.21,68.16
8,0.43,0.67,0.05,0.32,0.46,4.39,1.53,-4.45,16.24
9,0.24,0.32,0.05,0.08,0.4,-1.34,-1.42,-33.91,14.41

0,0.71,0.41,0.05,0.054831426854504255,0.2203371462909915,1.26,1.78,-16.24,6.45
1,0.38,0.19,0.05,0.2,0.07,-0.14,-1.58,-1.45,-15.85
2,0.23,0.14,0.05,0.58,0.35,0.52,0.29,11.52,1.06
3,0.86,0.05,0.05,0.41,0.31,-0.88,-0.06,0.73,0.17
4,0.53,0.21,0.05,0.1,0.13,1.51,-0.83,-5.6,-17.36
5,0.77,0.78,0.05,0.55,0.14,1.33,4.26,17.0,-13.23
6,0.62,0.49,0.05,0.32,0.18,-1.0,2.1,-1.28,-4.5
7,0.18,0.97,0.05,0.64,0.6489999999999999,5.68,-4.53,46.46,60.29
8,0.43,0.67,0.05,0.36,0.48,4.32,1.71,-6.81,17.89
9,0.24,0.32,0.05,0.07,0.39,-1.59,-1.22,-24.79,19.54

0,0.71,0.41,0.05,0.07,0.24,1.1,1.83,-16.45,4.67
1,0.38,0.19,0.05,0.2,0.05,-0.15,-1.76,-1.03,-18.15
2,0.23,0.14,0.05,0.59,0.35,0.64,0.33,11.58,3.61
3,0.86,0.05,0.05,0.4,0.31,-0.88,-0.06,0.43,0.27
4,0.53,0.21,0.05,0.11,0.12,1.47,-0.99,-4.3,-15.87
5,0.77,0.78,0.05,0.56,0.18,1.49,4.13,15.88,-13.47
6,0.62,0.49,0.05,0.31,0.2,-1.01,2.05,-1.48,-5.34
7,0.18,0.97,0.05,0.6489999999999999,0.61,-6.17,-3.97,48.77,56.22
8,0.43,0.67,0.05,0.4,0.5,4.23,1.9,-8.7,19.02
9,0.24,0.32,0.05,0.05,0.38,-1.8,-0.96,-20.93,26.32

0,0.71,0.41,0.05,0.08,0.26,0.98,1.82,-12.06,-1.34
1,0.38,0.19,0.05,0.2,0.051000000000000004,-0.14,1.94,0.85,-18.23
2,0.23,0.14,0.05,0.6,0.35,0.76,0.38,12.1,5.47
3,0.86,0.05,0.05,0.39,0.31,-0.88,-0.05,0.11,0.51
4,0.53,0.21,0.05,0.11871490621888317,0.11094775666357366,1.39,-1.1,-7.89,-11.15
5,0.77,0.78,0.05,0.58,0.22,1.63,3.97,14.26,-15.82
6,0.62,0.49,0.05,0.3,0.22,-1.03,1.99,-1.89,-6.02
7,0.18,0.97,0.05,0.59,0.57,-5.48,-3.3,69.09,66.95
8,0.43,0.67,0.05,0.44,0.52,4.07,2.08,-15.94,17.84
9,0.24,0.32,0.05,0.051000000000000004,0.37,2.04,-0.61,-24.4,34.53

0,0.71,0.41,0.05,0.09190997623968428,0.2714051069214208,1.72,-0.13,-9.45,-8.13
1,0.38,0.19,0.05,0.22283364803182387,0.06021415084350407,1.29,-1.18,3.68,-19.08
2,0.23,0.14,0.05,0.6111535841335595,0.36038225720203554,1.76,3.75,15.36,11.35
3,0.86,0.05,0.05,0.38,0.31,-0.88,-0.04,0.17,0.58
4,0.53,0.21,0.05,0.13,0.1,-0.1,1.75,-10.38,-8.09
5,0.77,0.78,0.05,0.6,0.26,0.91,0.49,13.13,-21.97
6,0.62,0.49,0.05,0.29,0.24,-1.04,1.92,-0.85,-6.81
7,0.18,0.97,0.05,0.581,0.54,3.52,2.15,160.49,116.11
8,0.43,0.67,0.05,0.48,0.54,-3.88,-2.14,-54.92,6.61
9,0.24,0.32,0.05,0.07,0.37,0.89,1.74,-32.19,48.32

0,0.71,0.41,0.05,0.11,0.27,1.62,-0.26,-10.18,-13.14
1,0.38,0.19,0.05,0.24,0.05,1.35,-1.36,5.86,-17.81
2,0.23,0.14,0.05,0.63,0.4,1.94,3.99,18.16,23.69
3,0.86,0.05,0.05,0.37,0.31,-0.87,-0.03,0.69,0.67
4,0.53,0.21,0.05,0.13,0.12,-0.21,1.66,-11.22,-8.63
5,0.77,0.78,0.05,0.61,0.26,1.04,0.17,12.74,-32.36
6,0.62,0.49,0.05,0.28,0.26,-1.03,1.86,0.52,-6.3
7,0.18,0.97,0.05,0.63,0.57,7.27,3.13,374.6,98.27
8,0.43,0.67,0.05,0.43,0.52,-5.34,-1.88,-146.38,26.14
9,0.24,0.32,0.05,0.08,0.39,0.54,2.35,-35.16,60.6

0,0.71,0.41,0.05,0.13,0.27,1.48,-0.33,-14.05,-6.77
1,0.38,0.19,0.05,0.25,0.051000000000000004,1.38,1.52,2.91,-15.94
2,0.23,0.14,0.05,0.6489999999999999,0.44,-2.08,4.0,14.25,0.82
3,0.86,0.05,0.05,0.36581701310310194,0.31193900436770067,-1.0,1.79,1.69,0.54
4,0.53,0.21,0.05,0.13,0.14,-0.3,1.55,-8.63,-11.43
5,0.77,0.78,0.05,0.62,0.26,1.16,-0.05,12.05,-22.46
6,0.62,0.49,0.05,0.27,0.28,-0.85,-0.02,3.17,-6.68
7,0.18,0.97,0.05,0.6489999999999999,0.61,-8.36,4.21,109.19,107.87
8,0.43,0.67,0.05,0.37,0.5,-5.67,-1.7,-32.55,18.09
9,0.24,0.32,0.05,0.08,0.42,0.2,2.79,-34.13,43.78

0,0.71,0.41,0.05,0.14,0.27,1.29,-0.36,-19.21,-2.67
1,0.38,0.19,0.05,0.26,0.07,1.4,1.37,2.2,-15.02
2,0.23,0.14,0.05,0.63,0.48,-1.97,3.94,11.05,-5.85
3,0.86,0.05,0.05,0.36,0.33,-0.98,1.79,2.42,-0.15
4,0.53,0.21,0.05,0.13,0.15,-0.39,1.4,-8.8,-14.86
5,0.77,0.78,0.05,0.63,0.26,1.28,-0.21,11.96,-16.05
6,0.62,0.49,0.05,0.26,0.28,-0.77,-0.09,7.98,-7.14
7,0.18,0.97,0.05,0.57,0.6489999999999999,-7.75,-5.12,61.46,90.79
8,0.43,0.67,0.05,0.31,0.48,-5.76,-1.46,-9.28,23.75
9,0.24,0.32,0.05,0.08,0.45,-0.15,3.09,-34.92,29.9

0,0.71,0.41,0.05,0.15,0.27,1.04,-0.38,-25.45,-1.89
1,0.38,0.19,0.05,0.27,0.08,1.43,1.21,3.12,-16.41
2,0.23,0.14,0.05,0.61,0.52,-1.83,3.88,13.89,-5.68
3,0.86,0.05,0.05,0.35,0.35,-0.96,1.79,2.47,-0.41
4,0.53,0.21,0.05,0.13,0.16,-0.49,1.22,-10.46,-17.67
5,0.77,0.78,0.05,0.64,0.26,1.41,-0.33,13.33,-11.77
6,0.62,0.49,0.05,0.25,0.28,-0.61,-0.19,15.74,-10.18
7,0.18,0.97,0.05,0.49,0.6,-7.34,-4.22,41.39,90.41
8,0.43,0.67,0.05,0.25,0.47,-5.79,-1.18,-2.56,28.14
9,0.24,0.32,0.05,0.08,0.48,-0.54,3.32,-38.59,23.37

0,0.71,0.41,0.05,0.14961774279796447,0.26884641586644054,-0.33,-0.31,-34.07,-3.98
1,0.38,0.19,0.05,0.28,0.09,1.47,1.04,3.85,-17.29
2,0.23,0.14,0.05,0.59,0.56,-1.54,3.82,29.47,-6.38
3,0.86,0.05,0.05,0.34,0.37,-0.93,1.79,2.52,-0.3
4,0.53,0.21,0.05,0.12,0.17,-0.61,1.01,-12.46,-20.94
5,0.77,0.78,0.05,0.6489999999999999,0.26,-1.55,-0.43,14.29,-10.25
6,0.62,0.49,0.05,0.25,0.28,0.7,-0.42,28.43,-11.97
7,0.18,0.97,0.05,0.42,0.56,-7.03,-3.2,31.25,102.29
8,0.43,0.67,0.05,0.19,0.46,-5.82,-0.86,-3.12,31.77
9,0.24,0.32,0.05,0.07,0.51,-1.06,3.55,-52.19,22.75

0,0.71,0.41,0.05,0.14193900436770063,0.27581701310310186,-0.75,0.77,-31.83,-6.0
1,0.38,0.19,0.05,0.29,0.1,1.51,0.86,4.4,-17.69
2,0.23,0.14,0.05,0.58,0.6,-1.29,3.9,25.13,7.81
3,0.86,0.05,0.05,0.33,0.39,-0.91,1.79,2.12,-0.17
4,0.53,0.21,0.05,0.11,0.18,-0.65,-0.37,-14.44,-23.53
5,0.77,0.78,0.05,0.63,0.26,-1.4,-0.51,14.71,-8.11
6,0.62,0.49,0.05,0.26,0.28,1.02,-0.55,32.05,-13.08
7,0.18,0.97,0.05,0.35,0.53,-6.52,-2.27,51.11,93.21
8,0.43,0.67,0.05,0.13,0.45,-5.88,-0.62,-5.54,24.06
9,0.24,0.32,0.05,0.06,0.55,-1.77,3.93,-70.99,37.62

0,0.71,0.41,0.05,0.13,0.28,-0.97,0.7,-22.23,-7.1
1,0.38,0.19,0.05,0.31,0.11,1.55,0.68,4.41,-18.13
2,0.23,0.14,0.05,0.57,0.64,-1.15,4.0,13.96,9.82
3,0.86,0.05,0.05,0.32,0.41,-0.89,1.78,1.61,-1.14
4,0.53,0.21,0.05,0.1,0.18,-0.79,-0.61,-14.49,-24.32
5,0.77,0.78,0.05,0.62,0.25,-1.24,-0.58,15.55,-6.64
6,0.62,0.49,0.05,0.27,0.27,1.27,-0.7,25.28,-15.2
7,0.18,0.97,0.05,0.29,0.51,-5.7,-1.15,81.64,111.53
8,0.43,0.67,0.05,0.07,0.44,-6.13,-0.57,-25.39,5.3
9,0.24,0.32,0.05,0.051000000000000004,0.59,2.36,4.59,-59.26,65.52

0,0.71,0.41,0.05,0.12,0.29,-1.11,0.63,-13.92,-7.46
1,0.38,0.19,0.05,0.33,0.12,1.6,0.49,5.07,-18.68
2,0.23,0.14,0.05,0.56,0.6489999999999999,-1.06,-4.08,9.22,8.44
3,0.86,0.05,0.05,0.3114177848998413,0.4285822151001587,-4.89,0.14,2.74,-3.31
4,0.53,0.21,0.05,0.09,0.17,-0.92,-0.85,-12.51,-23.51
5,0.77,0.78,0.05,0.61,0.24,-1.09,-0.63,15.44,-5.14
6,0.62,0.49,0.05,0.28,0.26,1.46,-0.85,18.82,-15.03
7,0.18,0.97,0.05,0.24,0.5,-0.86,1.75,80.73,128.62
8,0.43,0.67,0.05,0.051000000000000004,0.43,6.6,-0.52,-47.31,4.65
9,0.24,0.32,0.05,0.07,0.64,2.04,5.17,-31.83,57.87

0,0.71,0.41,0.05,0.11,0.3,-1.21,0.49,-9.72,-13.69
1,0.38,0.19,0.05,0.35,0.12,1.66,0.29,5.92,-19.62
2,0.23,0.14,0.05,0.55,0.61,-0.98,-4.0,7.89,7.56
3,0.86,0.05,0.05,0.26190997623968426,0.4214051069214208,-0.03,3.02,4.84,-2.49
4,0.53,0.21,0.05,0.08,0.16,-1.02,-1.04,-9.7,-19.33
5,0.77,0.78,0.05,0.6,0.23,-0.93,-0.67,15.7,-4.39
6,0.62,0.49,0.05,0.3,0.25,1.61,-0.98,14.97,-13.45
7,0.18,0.97,0.05,0.24,0.52,-4.84,0.12,83.24,127.37
8,0.43,0.67,0.05,0.11,0.43,5.98,-0.4,-61.97,11.82
9,0.24,0.32,0.05,0.09,0.6489999999999999,1.79,-5.65,-24.57,48.04

0,0.71,0.41,0.05,0.1,0.3,-1.35,0.25,-13.75,-23.78
1,0.38,0.19,0.05,0.37,0.12,1.71,0.08,5.23,-20.79
2,0.23,0.14,0.05,0.54,0.57,-0.88,-3.92,9.78,7.89
3,0.86,0.05,0.05,0.26859489307857926,0.45190997623968426,5.32,-0.32,3.03,-4.06
4,0.53,0.21,0.05,0.07,0.15,-1.11,-1.2,-8.57,-15.67
5,0.77,0.78,0.05,0.59,0.22,-0.76,-0.72,17.1,-4.86
6,0.62,0.49,0.05,0.32,0.24,1.71,-1.09,9.57,-11.27
7,0.18,0.97,0.05,0.2,0.53,-3.49,1.77,135.25,164.81
8,0.43,0.67,0.05,0.17,0.43,0.0,2.98,-65.82,8.18
9,0.24,0.32,0.05,0.11,0.6,1.47,-5.14,-31.99,51.32

0,0.71,0.41,0.05,0.09,0.3,-1.55,0.06,-19.61,-18.99
1,0.38,0.19,0.05,0.39,0.12,1.76,-0.15,4.75,-22.64
2,0.23,0.14,0.05,0.53,0.53,-0.77,-3.84,10.53,8.09
3,0.86,0.05,0.05,0.32,0.45,5.39,-0.34,7.37,-2.17
4,0.53,0.21,0.05,0.06,0.14,-1.19,-1.34,-7.91,-13.73
5,0.77,0.78,0.05,0.58,0.21,-0.57,-0.77,19.13,-4.99
6,0.62,0.49,0.05,0.34,0.23,1.77,-1.18,5.53,-8.95
7,0.18,0.97,0.05,0.21903864824478292,0.5698077296489567,0.53,-4.13,167.82,332.78
8,0.43,0.67,0.05,0.17,0.45,-0.43,1.92,-42.54,-105.62
9,0.24,0.32,0.05,0.12,0.55,-1.81,5.1,-93.87,101.18

0,0.71,0.41,0.05,0.07,0.3,-1.71,-0.08,-15.71,-14.3
1,0.38,0.19,0.05,0.41,0.12,1.8,-0.4,3.55,-24.8
2,0.23,0.14,0.05,0.52,0.49,-0.64,-3.76,12.53,7.79
3,0.86,0.05,0.05,0.37,0.45,5.42,-0.35,3.37,-0.83
4,0.53,0.21,0.05,0.05,0.13,-1.26,-1.46,-6.82,-11.77
5,0.77,0.78,0.05,0.58,0.2,-0.36,-0.82,21.45,-5.43
6,0.62,0.49,0.05,0.36,0.22,1.75,-1.22,-1.67,-4.36
7,0.18,0.97,0.05,0.24,0.54,2.78,-1.09,225.38,303.92
8,0.43,0.67,0.05,0.16,0.46,-0.65,1.07,-21.67,-85.03
9,0.24,0.32,0.05,0.09,0.6,-3.44,5.66,-162.85,56.17

0,0.71,0.41,0.05,0.05,0.3,-1.86,-0.2,-14.87,-11.97
1,0.38,0.19,0.05,0.43,0.11,1.83,-0.68,2.96,-27.69
2,0.23,0.14,0.05,0.521,0.45,5.45,-0.35,14.4,8.34
3,0.86,0.05,0.05,0.42,0.45,-0.5,-3.68,2.54,-0.4
4,0.53,0.21,0.05,0.051000000000000004,0.11,1.32,-1.57,-5.82,-10.67
5,0.77,0.78,0.05,0.58,0.19,-0.12,-0.88,23.94,-5.73
6,0.62,0.49,0.05,0.38,0.21,1.68,-1.24,-7.12,-1.59
7,0.18,0.97,0.05,0.28,0.54,5.15,1.38,237.19,247.21
8,0.43,0.67,0.05,0.15,0.47,-1.43,0.34,-77.9,-72.69
9,0.24,0.32,0.05,0.05,0.6489999999999999,-4.11,-6.3,-67.48,63.58

0,0.71,0.41,0.05,0.051000000000000004,0.3,1.99,-0.29,-13.43,-9.34
1,0.38,0.19,0.05,0.45,0.1,1.83,-0.97,0.44,-28.93
2,0.23,0.14,0.05,0.58,0.45,5.62,-0.27,16.97,7.7
3,0.86,0.05,0.05,0.42,0.41,-0.48,-3.68,1.53,-0.12
4,0.53,0.21,0.05,0.06,0.09,1.27,-1.66,-4.6,-8.99
5,0.77,0.78,0.05,0.58,0.18,0.15,-0.94,26.62,-6.02
6,0.62,0.49,0.05,0.4,0.2,1.56,-1.24,-12.09,-0.08
7,0.18,0.97,0.05,0.34,0.56,6.61,2.74,146.15,135.95
8,0.43,0.67,0.05,0.13,0.47,-2.01,0.16,-57.89,-18.25
9,0.24,0.32,0.05,0.051000000000000004,0.59,4.44,-5.93,-32.63,36.6

0,0.71,0.41,0.05,0.07,0.3,1.87,-0.4,-12.01,-10.87
1,0.38,0.19,0.05,0.47,0.09,1.81,-1.28,-2.36,-30.95
2,0.23,0.14,0.05,0.64,0.45,5.77,-0.2,14.61,6.73
3,0.86,0.05,0.05,0.42,0.37,-0.47,-3.69,1.08,-0.63
4,0.53,0.21,0.05,0.07,0.07,1.23,-1.74,-4.03,-7.84
5,0.77,0.78,0.05,0.58,0.17,0.45,-1.0,29.73,-5.84
6,0.62,0.49,0.05,0.41,0.19,1.39,-1.22,-17.09,1.78
7,0.18,0.97,0.05,0.41,0.59,7.28,3.67,67.03,92.5
8,0.43,0.67,0.05,0.12193900436770061,0.4341829868968981,4.0,-5.44,-15.29,-5.78
9,0.24,0.32,0.05,0.09,0.53,-2.16,0.1,-43.84,49.38

0,0.71,0.41,0.05,0.09,0.3,1.73,-0.59,-13.79,-19.18
1,0.38,0.19,0.05,0.49,0.08,1.76,-1.6,-4.84,-32.22
2,0.23,0.14,0.05,0.6489999999999999,0.45,-5.91,-0.16,13.71,4.42
3,0.86,0.05,0.05,0.42,0.33,-0.47,-3.69,0.27,0.26
4,0.53,0.21,0.05,0.08,0.05,1.19,-1.81,-4.02,-7.31
5,0.77,0.78,0.05,0.59,0.16,0.77,-1.05,32.19,-4.54
6,0.62,0.49,0.05,0.42,0.18,1.19,-1.2,-20.01,1.63
7,0.18,0.97,0.05,0.48,0.63,7.66,4.46,38.32,79.1
8,0.43,0.67,0.05,0.16,0.38,4.04,-5.59,4.18,-15.25
9,0.24,0.32,0.05,0.07,0.54,-2.61,1.07,-44.59,97.09

0,0.71,0.41,0.05,0.10770503358935404,0.28898001492860176,4.29,-5.24,-28.56,-26.99
1,0.38,0.19,0.05,0.51,0.06,1.7,-1.93,-6.18,-32.55
2,0.23,0.14,0.05,0.59,0.45,-5.78,-0.15,13.09,1.43
3,0.86,0.05,0.05,0.42,0.29,-0.47,-3.68,0.08,1.23
4,0.53,0.21,0.05,0.09,0.051000000000000004,1.15,1.88,-4.17,-6.92
5,0.77,0.78,0.05,0.6,0.15,1.1,-1.08,32.71,-3.0
6,0.62,0.49,0.05,0.43,0.17,0.99,-1.2,-19.5,0.43
7,0.18,0.97,0.05,0.56,0.6489999999999999,7.9,-5.14,24.18,68.42
8,0.43,0.67,0.05,0.2,0.33,1.44,-0.86,24.59,34.55
9,0.24,0.32,0.05,0.051000000000000004,0.55,2.87,1.43,-26.12,36.2

0,0.71,0.41,0.05,0.15,0.24,3.89,-5.39,-40.21,-15.4
1,0.38,0.19,0.05,0.53,0.051000000000000004,1.64,2.25,-6.13,-31.95
2,0.23,0.14,0.05,0.53,0.45,-5.7,-0.19,8.11,-4.46
3,0.86,0.05,0.05,0.41809002376031573,0.25859489307857925,0.82,-1.23,-0.02,2.06
4,0.53,0.21,0.05,0.1,0.07,1.1,1.81,-4.83,-7.49
5,0.77,0.78,0.05,0.61,0.14,1.42,-1.1,32.45,-1.8
6,0.62,0.49,0.05,0.44,0.16,-0.47,-3.66,-16.85,-2.62
7,0.18,0.97,0.05,0.64,0.6,8.14,-4.47,23.95,67.32
8,0.43,0.67,0.05,0.22,0.32,1.84,-0.58,39.78,27.83
9,0.24,0.32,0.05,0.08,0.57,2.69,1.65,-18.22,21.81

0,0.71,0.41,0.05,0.19,0.18,3.6,-5.62,-28.66,-23.25
1,0.38,0.19,0.05,0.5492,0.06939999999999998,1.75,-1.11,-7.18,-34.15
2,0.23,0.14,0.05,0.47,0.45,-5.74,-0.22,-4.33,-2.86
3,0.86,0.05,0.05,0.43,0.25,0.82,-1.2,-0.39,2.68
4,0.53,0.21,0.05,0.11,0.09,1.03,1.71,-6.74,-9.78
5,0.77,0.78,0.05,0.63,0.13,1.57,1.91,33.21,-0.73
6,0.62,0.49,0.05,0.43,0.12,-0.62,-3.71,-15.46,-5.12
7,0.18,0.97,0.05,0.6489999999999999,0.56,-8.58,-3.82,43.88,65.25
8,0.43,0.67,0.05,0.24,0.32,2.02,-0.1,17.94,47.56
9,0.24,0.32,0.05,0.11,0.59,2.54,1.84,-15.06,18.99

0,0.71,0.41,0.05,0.23,0.12,3.5,-5.73,-9.68,-11.17
1,0.38,0.19,0.05,0.57,0.06,1.62,-1.44,-13.34,-33.49
2,0.23,0.14,0.05,0.41,0.45,-5.79,-0.18,-4.9,4.36
3,0.86,0.05,0.05,0.44,0.24,0.82,-1.18,0.29,1.56
4,0.53,0.21,0.05,0.12,0.11,0.89,1.58,-13.56,-13.15
5,0.77,0.78,0.05,0.6489999999999999,0.15,-1.92,1.94,35.15,2.97
6,0.62,0.49,0.05,0.42,0.08,-0.75,-3.81,-13.16,-10.27
7,0.18,0.97,0.05,0.57,0.52,-8.09,-3.22,48.54,60.15
8,0.43,0.67,0.05,0.26,0.32,1.92,0.23,-10.03,33.3
9,0.24,0.32,0.05,0.13,0.61,2.4,2.02,-13.83,17.6

0,0.71,0.41,0.05,0.26,0.06,3.46,-5.83,-4.17,-9.95
1,0.38,0.19,0.05,0.59,0.051000000000000004,1.59,1.71,-2.92,-26.84
2,0.23,0.14,0.05,0.35,0.45,-5.88,-0.12,-9.44,6.1
3,0.86,0.05,0.05,0.45,0.23,0.82,-1.17,0.39,0.67
4,0.53,0.21,0.05,0.13,0.13,0.69,1.52,-20.27,-5.98
5,0.77,0.78,0.05,0.63,0.17,-1.65,1.97,27.12,3.03
6,0.62,0.49,0.05,0.41,0.051000000000000004,-0.79,3.97,-4.0,-15.8
7,0.18,0.97,0.05,0.49,0.49,-7.49,-2.44,59.78,78.43
8,0.43,0.67,0.05,0.28,0.32,1.71,0.41,-20.82,17.88
9,0.24,0.32,0.05,0.15,0.63,2.25,2.19,-14.85,17.13

0,0.71,0.41,0.05,0.29,0.051000000000000004,3.33,5.95,-13.4,-11.8
1,0.38,0.19,0.05,0.61,0.07,1.64,1.43,4.71,-28.12
2,0.23,0.14,0.05,0.29,0.45,-6.06,0.02,-17.98,14.12
3,0.86,0.05,0.05,0.46,0.22,0.82,-1.17,0.14,0.19
4,0.53,0.21,0.05,0.14,0.15,0.54,1.51,-14.59,-1.35
5,0.77,0.78,0.05,0.61,0.19,-1.41,2.02,24.42,5.4
6,0.62,0.49,0.05,0.4,0.09,-0.74,3.79,4.9,-17.6
7,0.18,0.97,0.05,0.42,0.47,-6.69,-1.43,79.96,100.7
8,0.43,0.67,0.05,0.3,0.32,1.41,0.42,-29.56,0.98
9,0.24,0.32,0.05,0.17,0.6489999999999999,2.08,-2.38,-16.89,19.07

0,0.71,0.41,0.05,0.29288608128827687,0.10225316608236482,-0.6,3.66,-22.23,-20.01
1,0.38,0.19,0.05,0.63,0.08,1.75,1.11,11.39,-31.98
2,0.23,0.14,0.05,0.23,0.45,-6.43,0.25,-36.51,22.66
3,0.86,0.05,0.05,0.47,0.21,0.82,-1.16,0.08,0.55
4,0.53,0.21,0.05,0.14,0.16,0.4,1.48,-13.73,-2.81
5,0.77,0.78,0.05,0.6,0.21,-1.15,2.1,26.05,7.8
6,0.62,0.49,0.05,0.39,0.13,3.11,5.75,13.81,-13.3
7,0.18,0.97,0.05,0.36,0.46,-5.65,0.03,104.02,145.55
8,0.43,0.67,0.05,0.31,0.32,1.04,0.24,-36.76,-17.68
9,0.24,0.32,0.05,0.19,0.63,1.89,-2.14,-18.64,24.22

0,0.71,0.41,0.05,0.29,0.14,-0.89,3.42,-29.15,-24.42
1,0.38,0.19,0.05,0.6489999999999999,0.09,-1.9,0.85,14.93,-26.23
2,0.23,0.14,0.05,0.16,0.45,-6.89,0.39,-46.07,13.81
3,0.86,0.05,0.05,0.5167945970576381,0.16115895320121892,3.34,5.57,0.52,0.65
4,0.53,0.21,0.05,0.14,0.17,0.24,1.44,-16.07,-4.34
5,0.77,0.78,0.05,0.59,0.23,-0.87,2.16,27.97,5.97
6,0.62,0.49,0.05,0.42,0.19,0.83,-1.15,23.28,-17.62
7,0.18,0.97,0.05,0.31,0.47,-4.67,2.18,97.6,215.49
8,0.43,0.67,0.05,0.32,0.32,0.71,-0.12,-33.01,-35.8
9,0.24,0.32,0.05,0.21,0.61,1.65,-1.77,-23.57,36.69

0,0.71,0.41,0.05,0.28,0.17,-1.05,3.16,-16.12,-25.55
1,0.38,0.19,0.05,0.63,0.1,-1.74,0.64,16.4,-20.91
2,0.23,0.14,0.05,0.09,0.45,-7.29,0.41,-39.55,2.45
3,0.86,0.05,0.05,0.5295479697910892,0.16293536667629815,-0.51,2.24,0.28,-4.4
4,0.53,0.21,0.05,0.14,0.18,0.07,1.38,-16.63,-6.21
5,0.77,0.78,0.05,0.58,0.25,3.34,5.53,36.1,7.78
6,0.62,0.49,0.05,0.43,0.18,0.91,-1.37,8.29,-21.51
7,0.18,0.97,0.05,0.26,0.5,-4.43,4.15,23.96,196.65
8,0.43,0.67,0.05,0.33,0.32,0.55,-0.35,-15.99,-23.01
9,0.24,0.32,0.05,0.22,0.6,1.34,-1.17,-31.24,60.14

0,0.71,0.41,0.05,0.27,0.2,-1.21,2.92,-16.23,-23.65
1,0.38,0.19,0.05,0.61,0.11,-1.57,0.43,16.79,-21.11
2,0.23,0.14,0.05,0.051000000000000004,0.45,7.6,0.4,-30.76,-1.13
3,0.86,0.05,0.05,0.5345692469344735,0.19546346760042757,0.94,-1.65,1.03,-4.62
4,0.53,0.21,0.05,0.14,0.19,-0.1,1.31,-17.49,-6.92
5,0.77,0.78,0.05,0.62,0.31,3.71,5.66,37.49,13.1
6,0.62,0.49,0.05,0.44,0.16,-0.5,2.19,3.18,-27.81
7,0.18,0.97,0.05,0.21019227035104338,0.49096135175521705,0.87,0.1,12.59,25.33
8,0.43,0.67,0.05,0.34,0.32,0.52,-0.24,-2.94,11.3
9,0.24,0.32,0.05,0.23,0.59,-4.3,4.4,-46.83,126.85

0,0.71,0.41,0.05,0.26,0.23,-1.36,2.69,-14.6,-23.38
1,0.38,0.19,0.05,0.6057299287190528,0.103315083161105,0.96,-1.66,14.15,-17.13
2,0.23,0.14,0.05,0.11966285370900848,0.4448314268545043,-0.01,-0.25,-32.55,-1.53
3,0.86,0.05,0.05,0.54,0.18,-1.43,0.26,2.04,-0.83
4,0.53,0.21,0.05,0.14,0.2,-0.28,1.22,-18.09,-8.67
5,0.77,0.78,0.05,0.6489999999999999,0.37,-3.98,5.77,27.12,10.5
6,0.62,0.49,0.05,0.44,0.18,-0.43,1.91,6.76,-27.58
7,0.18,0.97,0.05,0.21,0.49,7.27,0.38,-87.75,-35.25
8,0.43,0.67,0.05,0.35,0.32,0.67,-0.04,15.46,20.36
9,0.24,0.32,0.05,0.19,0.64,-4.12,5.87,18.25,147.38

0,0.71,0.41,0.05,0.25,0.26,-1.54,2.46,-18.24,-23.27
1,0.38,0.19,0.05,0.62,0.09,1.09,-1.8,13.06,-14.26
2,0.23,0.14,0.05,0.12,0.44,-0.65,-0.45,-64.12,-20.44
3,0.86,0.05,0.05,0.5385948930785792,0.1780900237603157,-0.32,1.64,2.87,-0.72
4,0.53,0.21,0.05,0.14,0.21,-0.47,1.11,-18.86,-10.71
5,0.77,0.78,0.05,0.61,0.43,-3.76,5.85,21.87,8.08
6,0.62,0.49,0.05,0.44,0.2,-1.4,0.25,11.36,-27.34
7,0.18,0.97,0.05,0.28,0.5,7.19,1.2,-7.68,82.03
8,0.43,0.67,0.05,0.36,0.32,0.93,0.21,26.0,25.14
9,0.24,0.32,0.05,0.15,0.6489999999999999,-4.26,-6.62,-14.24,75.39

0,0.71,0.41,0.05,0.23,0.28,-1.78,2.27,-24.29,-19.01
1,0.38,0.19,0.05,0.63,0.07,1.2,-1.92,11.04,-11.63
2,0.23,0.14,0.05,0.11,0.44,-0.97,-0.46,-31.62,-1.0
3,0.86,0.05,0.05,0.54,0.19,-0.29,1.62,3.21,-1.54
4,0.53,0.21,0.05,0.13,0.22,-0.66,0.99,-19.21,-11.93
5,0.77,0.78,0.05,0.57,0.49,-3.51,5.95,25.34,10.03
6,0.62,0.49,0.05,0.43,0.2,-1.23,-0.09,16.76,-34.17
7,0.18,0.97,0.05,0.35,0.52,6.94,2.6,-25.35,140.01
8,0.43,0.67,0.05,0.37,0.32,1.16,0.3,22.57,8.73
9,0.24,0.32,0.05,0.11,0.58,-4.56,-6.19,-30.39,42.89

0,0.71,0.41,0.05,0.21,0.3,-1.98,2.17,-20.31,-9.53
1,0.38,0.19,0.05,0.64,0.05,1.29,-2.02,8.97,-9.52
2,0.23,0.14,0.05,0.10516857314549576,0.42966285370900853,-4.9,-5.89,-21.28,-2.07
3,0.86,0.05,0.05,0.54,0.21,-0.26,1.61,3.21,-1.29
4,0.53,0.21,0.05,0.12,0.23,-0.85,0.87,-18.87,-12.38
5,0.77,0.78,0.05,0.54,0.55,-3.17,6.06,34.24,11.18
6,0.62,0.49,0.05,0.42,0.2,-1.07,-0.5,16.37,-40.68
7,0.18,0.97,0.05,0.42,0.55,6.49,4.2,-45.03,159.63
8,0.43,0.67,0.05,0.38,0.32,1.23,0.28,6.79,-1.68
9,0.24,0.32,0.05,0.06,0.52,-1.18,-0.48,-34.08,29.73

0,0.71,0.41,0.05,0.19,0.32,-2.11,2.14,-13.27,-3.3
1,0.38,0.19,0.05,0.6489999999999999,0.051000000000000004,-1.36,2.1,7.23,-8.02
2,0.23,0.14,0.05,0.06,0.37,-5.01,-5.95,-10.69,-6.3
3,0.86,0.05,0.05,0.54,0.23,-0.23,1.6,3.13,-1.06
4,0.53,0.21,0.05,0.11,0.24,-1.02,0.74,-17.5,-13.44
5,0.77,0.78,0.05,0.5679843925146785,0.6244960981286696,4.03,5.36,78.81,13.89
6,0.62,0.49,0.05,0.41,0.19,-0.94,-0.95,13.17,-44.86
7,0.18,0.97,0.05,0.47,0.6,-2.38,6.2,-245.89,115.55
8,0.43,0.67,0.05,0.39,0.32,1.22,0.37,-0.83,9.11
9,0.24,0.32,0.05,0.05,0.52,-1.53,-0.18,-35.49,30.35

0,0.71,0.41,0.05,0.17,0.34,-2.17,2.15,-5.6,1.39
1,0.38,0.19,0.05,0.64,0.07,-1.29,2.03,6.63,-7.08
2,0.23,0.14,0.05,0.051000000000000004,0.31,5.24,-5.93,-23.12,1.79
3,0.86,0.05,0.05,0.54,0.25,-0.2,1.59,2.81,-0.75
4,0.53,0.21,0.05,0.11488599165710481,0.23177225511374921,-1.17,0.59,-14.74,-15.2
5,0.77,0.78,0.05,0.61,0.6489999999999999,5.03,-5.69,100.3,33.06
6,0.62,0.49,0.05,0.4,0.18,-0.87,-1.36,6.74,-40.88
7,0.18,0.97,0.05,0.43,0.6489999999999999,-6.0,-5.97,-361.83,-22.51
8,0.43,0.67,0.05,0.4,0.32,1.26,0.57,4.19,20.03
9,0.24,0.32,0.05,0.051000000000000004,0.52,1.78,0.04,-24.62,22.17

0,0.71,0.41,0.05,0.15,0.36,-2.2,2.2,-3.07,4.72
1,0.38,0.19,0.05,0.63,0.09,-1.22,1.96,7.24,-7.04
2,0.23,0.14,0.05,0.05284501624555675,0.3293163339323676,-1.25,0.42,-32.39,-0.08
3,0.86,0.05,0.05,0.54,0.27,-0.17,1.58,2.69,-0.62
4,0.53,0.21,0.05,0.1,0.24,4.92,-5.93,-8.12,-17.44
5,0.77,0.78,0.05,0.6489999999999999,0.59,-5.39,-5.61,36.32,7.89
6,0.62,0.49,0.05,0.39,0.16,-0.85,-1.72,2.27,-36.17
7,0.18,0.97,0.05,0.36,0.59,-7.04,-5.29,-103.73,68.01
8,0.43,0.67,0.05,0.41,0.33,1.36,0.77,9.81,20.2
9,0.24,0.32,0.05,0.07,0.52,1.53,0.23,-25.2,18.9

0,0.71,0.41,0.05,0.13,0.38,-2.21,2.22,-0.81,1.64
1,0.38,0.19,0.05,0.62,0.11,-1.14,1.88,8.17,-7.55
2,0.23,0.14,0.05,0.051000000000000004,0.33,1.64,0.39,-38.52,-3.19
3,0.86,0.05,0.05,0.54,0.29,-0.14,1.57,2.64,-0.87
4,0.53,0.21,0.05,0.15,0.18,4.84,-6.1,-7.66,-17.37
5,0.77,0.78,0.05,0.6,0.53,-5.19,-5.53,19.56,7.98
6,0.62,0.49,0.05,0.38,0.14,-0.86,-2.0,-0.58,-27.94
7,0.18,0.97,0.05,0.29,0.54,-7.26,-4.31,-22.24,98.44
8,0.43,0.67,0.05,0.42,0.34,1.48,0.76,12.04,-0.61
9,0.24,0.32,0.05,0.08,0.52,1.21,0.48,-32.34,25.48

0,0.71,0.41,0.05,0.12011003277404021,0.4176925573545704,1.26,0.19,-5.81,-5.79
1,0.38,0.19,0.05,0.61,0.13,-1.05,1.8,9.38,-8.01
2,0.23,0.14,0.05,0.07,0.33,-2.27,2.16,-37.99,-20.43
3,0.86,0.05,0.05,0.54,0.31,-0.11,1.56,2.88,-1.3
4,0.53,0.21,0.05,0.2,0.12,4.78,-6.2,-6.4,-10.2
5,0.77,0.78,0.05,0.55,0.48,-4.97,-5.41,22.12,12.0
6,0.62,0.49,0.05,0.37,0.12,-0.86,-2.23,0.13,-23.47
7,0.18,0.97,0.05,0.22,0.5,-7.34,-3.11,-7.91,120.4
8,0.43,0.67,0.05,0.44,0.35,1.62,0.62,14.35,-13.83
9,0.24,0.32,0.05,0.09,0.53,0.72,0.81,-48.53,33.19

0,0.71,0.41,0.05,0.14662677001498636,0.37939842370724886,-6.18,-1.81,-26.21,-24.3
1,0.38,0.19,0.05,0.6,0.15,-0.94,1.71,10.54,-8.69
2,0.23,0.14,0.05,0.05,0.35,-2.55,1.84,-28.37,-32.19
3,0.86,0.05,0.05,0.5579843925146786,0.3255039018713304,1.6,0.36,3.86,-2.44
4,0.53,0.21,0.05,0.25,0.06,4.69,-6.28,-8.9,-8.37
5,0.77,0.78,0.05,0.5051685731454958,0.44033714629099147,-4.67,-5.17,30.11,24.23
6,0.62,0.49,0.05,0.36,0.1,-0.83,-2.43,2.69,-19.96
7,0.18,0.97,0.05,0.1691726713824334,0.47728885181908076,1.0,-0.05,115.79,130.06
8,0.43,0.67,0.05,0.46,0.35,-0.07,1.54,-1.76,-26.41
9,0.24,0.32,0.05,0.09,0.54,-0.21,1.48,-93.37,67.32

0,0.71,0.41,0.05,0.11962578630704651,0.3533957022821589,-3.0,1.59,-12.27,-54.95
1,0.38,0.19,0.05,0.59,0.17,-0.82,1.61,12.0,-9.96
2,0.23,0.14,0.05,0.051000000000000004,0.37,6.3,-2.36,-44.81,-24.63
3,0.86,0.05,0.05,0.57,0.33,1.66,0.33,5.61,-3.06
4,0.53,0.21,0.05,0.2509182642487125,0.05040893978080704,4.54,6.4,-14.74,-12.26
5,0.77,0.78,0.05,0.46,0.46099999999999997,-0.41,0.57,43.8,67.83
6,0.62,0.49,0.05,0.35,0.07,-0.74,-2.58,8.74,-14.78
7,0.18,0.97,0.05,0.19,0.49,2.17,1.62,117.14,166.92
8,0.43,0.67,0.05,0.46,0.36,-4.23,-4.49,-34.11,-96.73
9,0.24,0.32,0.05,0.08,0.56,-1.38,2.57,-117.12,108.64

0,0.71,0.41,0.05,0.0502946481049153,0.431463310484439,5.6,-2.39,-3.35,-27.3
1,0.38,0.19,0.05,0.58,0.19,-0.7,1.51,12.07,-9.77
2,0.23,0.14,0.05,0.11,0.35,-3.03,1.32,-69.87,-3.34
3,0.86,0.05,0.05,0.59,0.33,1.71,0.32,4.55,-1.49
4,0.53,0.21,0.05,0.2898899672259598,0.12769255735457036,-0.6,-2.71,-19.82,-10.88
5,0.77,0.78,0.05,0.46,0.47,-0.22,1.3,18.56,72.58
6,0.62,0.49,0.05,0.34,0.051000000000000004,4.34,-6.29,14.43,-13.28
7,0.18,0.97,0.05,0.21,0.51,2.6,2.5,42.51,87.83
8,0.43,0.67,0.05,0.42,0.31,-4.03,-5.61,19.56,-112.08
9,0.24,0.32,0.05,0.06,0.59,-2.17,3.22,-78.57,65.15

0,0.71,0.41,0.05,0.1175104583117645,0.45377614577941117,-3.07,0.97,-27.72,-6.4
1,0.38,0.19,0.05,0.57,0.2,-0.55,1.41,14.83,-10.2
2,0.23,0.14,0.05,0.08,0.36,5.32,-2.45,-3.92,-34.53
3,0.86,0.05,0.05,0.61,0.33,1.74,0.32,2.87,-0.17
4,0.53,0.21,0.05,0.28,0.1,-0.76,-2.62,-15.8,8.63
5,0.77,0.78,0.05,0.46,0.48,0.04,1.59,26.0,28.56
6,0.62,0.49,0.05,0.38,0.051000000000000004,4.42,6.62,8.49,-33.34
7,0.18,0.97,0.05,0.24,0.54,2.81,3.33,21.35,82.52
8,0.43,0.67,0.05,0.38,0.25,-3.94,-6.0,8.59,-39.45
9,0.24,0.32,0.05,0.051000000000000004,0.62,2.67,3.75,-49.82,53.03

0,0.71,0.41,0.05,0.09,0.46,-3.3,0.88,-23.37,-8.53
1,0.38,0.19,0.05,0.57,0.21,-0.38,1.34,16.63,-6.78
2,0.23,0.14,0.05,0.13,0.33,5.08,-2.75,-24.5,-30.44
3,0.86,0.05,0.05,0.63,0.33,1.76,0.32,2.14,0.09
4,0.53,0.21,0.05,0.27,0.07,-0.95,-2.68,-19.1,-5.52
5,0.77,0.78,0.05,0.46,0.5,0.31,1.71,27.41,12.24
6,0.62,0.49,0.05,0.42,0.12,4.54,6.33,11.5,-29.22
7,0.18,0.97,0.05,0.27,0.58,3.07,4.56,25.94,122.66
8,0.43,0.67,0.05,0.34,0.19,-3.9,-6.09,4.46,-9.11
9,0.24,0.32,0.05,0.08,0.6489999999999999,2.23,-4.13,-44.3,37.58

0,0.71,0.41,0.05,0.06,0.47,-3.48,0.84,-17.72,-4.17
1,0.38,0.19,0.05,0.57,0.22,-0.21,1.32,17.38,-2.28
2,0.23,0.14,0.05,0.18,0.3,4.97,-2.91,-10.88,-16.24
3,0.86,0.05,0.05,0.6489999999999999,0.33,-1.78,0.32,1.83,0.21
4,0.53,0.21,0.05,0.23839480055768428,0.051000000000000004,-1.1,2.87,-14.79,-19.13
5,0.77,0.78,0.05,0.46,0.52,0.6,1.75,28.65,3.59
6,0.62,0.49,0.05,0.47,0.18,4.94,5.92,39.66,-40.99
7,0.18,0.97,0.05,0.3,0.63,2.88,5.56,-19.27,100.19
8,0.43,0.67,0.05,0.3,0.13,-4.34,-5.77,-43.85,31.68
9,0.24,0.32,0.05,0.1,0.61,1.83,-3.78,-39.94,35.46
